"spo","pval_vib","gene","funct","NCBI","padj_vib","sig_vib","Vib_fold_diff","Mari_fold_diff","CC_fold_diff","pval_mari","padj_mari","sig_mari","pval_cc","padj_cc","sig_cc","meanW_rpomAlone","semW_rpomAlone","meanW_vib","semW_vib","meanW_mari","semW_mari","meanW_CC","semW_CC"
"SPO0018",0,"argG","argininosuccinate synthase","SPO_RS00090",0,"yes",3.5,3,3.7,0,0,"yes",NA,NA,NA,0,0,0.1,0.1,0.07,0.04,0.12,0.07
"SPO0071",0,"SPO0071","competence protein F, putative","SPO_RS00360",0,"yes",-0.13,-0.098,-0.2,NA,NA,NA,0,0,"yes",1.06,0.02,0.97,0.03,0.99,0.03,0.92,0.04
"SPO0095",0,"pncB","nicotinate phosphoribosyltransferase","SPO_RS00480",0,"yes",0.11,0.11,0.063,NA,NA,NA,NA,NA,NA,0.89,0.02,0.96,0.01,0.96,0.01,0.93,0.03
"SPO0102",0,"panB","3-methyl-2-oxobutanoate hydroxymethyltransferase","SPO_RS00515",0,"yes",0.43,0.42,0.44,0,0,"yes",0,0,"yes",0.74,0.03,1,0.01,0.99,0.01,1.01,0.02
"SPO0215",0,"leuD-1","3-isopropylmalate dehydratase, small subunit","SPO_RS01095",0,"yes",1.1,0.58,0.77,NA,NA,NA,0,0,"yes",0.19,0.02,0.42,0.03,0.29,0.07,0.33,0.04
"SPO0219",0,"SPO0219","iojap-related protein","SPO_RS01115",0,"yes",0.11,0.043,0.098,NA,NA,NA,NA,NA,NA,0.99,0.02,1.07,0.01,1.02,0.01,1.06,0.02
"SPO0253",0,"ilvE","branched-chain amino acid aminotransferase","SPO_RS01290",0,"yes",-0.12,-0.12,-0.16,0,0,"yes",NA,NA,NA,1.14,0.01,1.05,0.01,1.05,0.01,1.02,0
"SPO0289",0,"SPO0289","Ser/Thr protein phosphatase family protein","SPO_RS01470",0,"yes",0.27,0.16,0.17,NA,NA,NA,NA,NA,NA,0.78,0.02,0.94,0.03,0.87,0.04,0.88,0.03
"SPO0322",0,"SPO0322","hypothetical protein","SPO_RS22380",0,"yes",-0.14,-0.2,-0.17,0,0,"yes",0,0,"yes",1.15,0.02,1.04,0.02,1,0.03,1.02,0.1
"SPO0332",0,"argH","argininosuccinate lyase","SPO_RS01690",0,"yes",2.8,0,0,NA,NA,NA,NA,NA,NA,0,0,0.06,0.06,0,0,0,0
"SPO0344a",0,"SPO0344a","hypothetical protein","SPO_RS01750",0,"yes",0.75,0.57,0.86,0,0,"yes",NA,NA,NA,0.49,0.04,0.83,0.05,0.73,0.03,0.9,0.04
"SPO0388",0,"SPO0388","aminotransferase, class IV","SPO_RS01965",0,"yes",-0.12,-0.11,-0.12,0,0,"yes",0,0,"yes",1.12,0,1.03,0.02,1.04,0.01,1.03,0.01
"SPO0437",0,"SPO0437","cold shock family protein","SPO_RS02210",0,"yes",0.11,0.015,0.072,NA,NA,NA,NA,NA,NA,0.97,0.02,1.05,0.03,0.98,0.02,1.02,0.02
"SPO0590",0,"hpsR","transcriptional regulator, LacI family","SPO_RS02975",0,"yes",0.63,0.38,0.63,NA,NA,NA,NA,NA,NA,0.59,0.14,0.92,0.03,0.77,0.05,0.92,0.03
"SPO0655",0,"SPO0655","hypothetical protein","SPO_RS03310",0,"yes",-0.65,0.058,-0.092,NA,NA,NA,NA,NA,NA,0.96,0.03,0.61,0.16,1,0.04,0.9,0.06
"SPO0691",0,"era","GTP-binding protein Era","SPO_RS03490",0,"yes",0.78,0.84,0.58,0,0,"yes",NA,NA,NA,0.56,0.19,0.97,0.04,1.01,0.05,0.84,0.13
"SPO0779",0,"rpe","ribulose-phosphate 3-epimerase","SPO_RS03930",0,"yes",3.5,3,4.2,NA,NA,NA,NA,NA,NA,0,0,0.1,0.1,0.07,0.07,0.17,0.12
"SPO0801",0,"fadD","4-coumarate:CoA ligase","SPO_RS04040",0,"yes",-0.24,-0.044,-0.06,NA,NA,NA,NA,NA,NA,0.98,0.03,0.83,0.02,0.95,0.04,0.94,0.02
"SPO0882",0,"SPO0882","hypothetical protein","",0,"yes",0.15,0.071,0.014,NA,NA,NA,NA,NA,NA,0.98,0.05,1.09,0.01,1.03,0.05,0.99,0.09
"SPO0929",0,"SPO0929","type II DNA modification methyltransferase, putative","SPO_RS04675",0,"yes",-0.54,-0.14,-0.15,NA,NA,NA,NA,NA,NA,1.21,0.08,0.83,0.16,1.1,0.06,1.09,0.09
"SPO1004",0,"clpX","ATP-dependent Clp protease, ATP-binding subunit ClpX","SPO_RS05055",0,"yes",5.5,3.7,3.9,0,0,"yes",NA,NA,NA,0,0,0.43,0.25,0.12,0.12,0.14,0.14
"SPO1042",0,"SPO1042","hypothetical protein","SPO_RS05250",0,"yes",0.37,0.098,0.22,NA,NA,NA,NA,NA,NA,0.84,0.06,1.09,0.05,0.9,0.05,0.98,0.05
"SPO1094a",0,"SPO1094a","hypothetical protein","SPO_RS05555",0,"yes",-0.11,-0.055,-0.083,NA,NA,NA,NA,NA,NA,1.06,0.02,0.98,0.02,1.02,0.01,1,0.02
"SPO1109",0,"SPO1109","endonuclease/exonuclease/phosphatase family protein","SPO_RS05625",0,"yes",0.13,0.076,0.061,NA,NA,NA,NA,NA,NA,0.91,0.02,1,0.02,0.96,0.04,0.95,0.02
"SPO1240",0,"SPO1240","type I secretion outer membrane protein, TolC family","SPO_RS06315",0,"yes",0.9,0.42,0.9,NA,NA,NA,0,0,"yes",0.44,0.1,0.83,0.07,0.59,0.03,0.83,0.05
"SPO1293",0,"phaP","phasin, PhaP","SPO_RS06585",0,"yes",-0.14,-0.11,-0.19,NA,NA,NA,NA,NA,NA,1.04,0.05,0.94,0.05,0.96,0.05,0.91,0.07
"SPO1333",0,"SPO1333","periplasmic serine protease, DO/DeqQ family","SPO_RS06795",0,"yes",0.17,0.13,0.13,NA,NA,NA,NA,NA,NA,0.96,0.04,1.08,0.04,1.05,0.03,1.05,0.04
"SPO1351",0,"metZ","O-succinylhomoserine sulfhydrylase","SPO_RS06880",0,"yes",3,2.8,3.7,NA,NA,NA,NA,NA,NA,0,0,0.07,0.07,0.06,0.06,0.12,0.12
"SPO1383",0,"ctaD","cytochrome c oxidase, aa3-type, subunit I","SPO_RS07060",0,"yes",0.43,0.33,0.53,NA,NA,NA,NA,NA,NA,0.62,0.02,0.84,0.02,0.78,0.03,0.9,0.01
"SPO1427",0,"SPO1427","hypothetical protein","SPO_RS07280",0,"yes",-0.11,-0.083,-0.11,NA,NA,NA,0,0,"yes",1.06,0.05,0.98,0.03,1,0.02,0.98,0.03
"SPO1443",0,"rhlE","ATP-dependent RNA helicase RhlE","SPO_RS07355",0,"yes",0.44,0.36,0.42,0,0,"yes",0,0,"yes",0.7,0.03,0.95,0.04,0.9,0.02,0.94,0.04
"SPO1481",0,"cfa","cyclopropane fatty acyl phospholipid synthase","SPO_RS07545",0,"yes",0.89,0.92,0.82,NA,NA,NA,NA,NA,NA,0.45,0.17,0.84,0.03,0.86,0.1,0.8,0.07
"SPO1519",0,"coxL-1","carbon monoxide dehydrogenase, large subunit","SPO_RS07730",0,"yes",-0.17,-0.097,-0.23,NA,NA,NA,0,0,"yes",1.07,0.02,0.95,0.01,1,0.03,0.91,0.03
"SPO1594",0,"SPO1594","mandelate racemase/muconate lactonizing enzyme, putative","SPO_RS08110",0,"yes",-0.25,-0.17,-0.18,0,0,"yes",NA,NA,NA,1.26,0.06,1.06,0.09,1.12,0.08,1.11,0.09
"SPO1651",0,"SPO1651","hypothetical protein","SPO_RS08390",0,"yes",-0.41,-0.12,-0.25,NA,NA,NA,NA,NA,NA,1,0.02,0.75,0.09,0.92,0.03,0.84,0.08
"SPO1690",0,"SPO1690","transcriptional regulator, GntR family","SPO_RS08575",0,"yes",-0.15,-0.026,-0.11,NA,NA,NA,0,0,"yes",1.1,0.02,0.99,0.02,1.08,0.02,1.02,0.03
"SPO1746",0,"SPO1746","sarcosine oxidase, alpha subunit family","SPO_RS08885",0,"yes",-0.15,-0.058,-0.1,NA,NA,NA,NA,NA,NA,1,0.01,0.9,0.04,0.96,0.03,0.93,0.03
"SPO1794",0,"SPO1794","formate dehydrogenase, gamma subunit","SPO_RS09125",0,"yes",-0.23,-0.37,-0.33,0,0,"yes",0,0,"yes",1.13,0.05,0.96,0.06,0.87,0.07,0.9,0.12
"SPO1814",0,"SPO1814","TRAP dicarboxylate transporter, DctP subunit, putative","SPO_RS09230",0,"yes",-0.21,-0.2,-0.18,0,0,"yes",0,0,"yes",1.16,0.03,1,0.04,1.01,0,1.02,0.01
"SPO1862",0,"SPO1862","metFprotein-like protein","SPO_RS09465",0,"yes",0.23,0.046,0.11,NA,NA,NA,NA,NA,NA,0.91,0.03,1.07,0.03,0.94,0.06,0.98,0.04
"SPO1898",0,"SPO1898","cytochrome P450 family protein","SPO_RS09640",0,"yes",-0.14,-0.064,-0.14,NA,NA,NA,NA,NA,NA,1.15,0.05,1.04,0.05,1.1,0.05,1.04,0.05
"SPO1973",0,"aroQ","3-dehydroquinate dehydratase, type II","SPO_RS10015",0,"yes",3.9,0,0,NA,NA,NA,NA,NA,NA,0,0,0.14,0.14,0,0,0,0
"SPO1978",0,"SPO1978","hypothetical protein","SPO_RS10040",0,"yes",-0.3,-0.13,-0.12,NA,NA,NA,NA,NA,NA,1.01,0.01,0.82,0.05,0.92,0.08,0.93,0.03
"SPO2081",0,"hfq","RNA-binding protein Hfq","SPO_RS10555",0,"yes",0.39,0.3,0.16,NA,NA,NA,NA,NA,NA,0.67,0.04,0.88,0.04,0.83,0.05,0.75,0.04
"SPO2086",0,"ntrY","nitrogen regulation protein ntrY","SPO_RS10580",0,"yes",0.26,-0.058,0.092,NA,NA,NA,NA,NA,NA,0.75,0.04,0.9,0.04,0.72,0.04,0.8,0.06
"SPO2099",0,"cycF","cytochrome c-554","SPO_RS10645",0,"yes",-0.15,-0.097,-0.097,NA,NA,NA,NA,NA,NA,1.07,0.01,0.96,0.07,1,0.01,1,0.03
"SPO2133",0,"SPO2133","outer membrane protein, putative","SPO_RS10815",0,"yes",-0.18,-0.087,-0.19,NA,NA,NA,0,0,"yes",1.18,0.04,1.04,0.03,1.11,0.03,1.03,0.05
"SPO2144",0,"SPO2144","aminotransferase, classes I and II","SPO_RS10870",0,"yes",-0.14,-0.082,-0.14,NA,NA,NA,0,0,"yes",1.07,0.05,0.97,0.01,1.01,0.03,0.97,0.02
"SPO2150",0,"trpD","anthranilate phosphoribosyltransferase","SPO_RS10900",0,"yes",3.6,0,2.3,NA,NA,NA,0,0,"yes",0,0,0.11,0.11,0,0,0.04,0.04
"SPO2151",0,"trpC","indole-3-glycerol phosphate synthase","SPO_RS10905",0,"yes",4.4,0,4.1,NA,NA,NA,NA,NA,NA,0,0,0.2,0.2,0,0,0.16,0.16
"SPO2168",0,"purN","phosphoribosylglycinamide formyltransferase","SPO_RS10990",0,"yes",1.6,0.35,1.2,NA,NA,NA,NA,NA,NA,0.21,0.12,0.64,0.04,0.27,0.16,0.49,0.11
"SPO2189",0,"SPO2189","transcriptional regulator, AsnC family","SPO_RS11095",0,"yes",0.11,0.031,0.046,NA,NA,NA,NA,NA,NA,0.91,0.03,0.98,0.01,0.93,0.04,0.94,0.05
"SPO2197",0,"SPO2197","hypothetical protein","SPO_RS11140",0,"yes",-0.13,-0.11,-0.14,NA,NA,NA,0,0,"yes",1.06,0.04,0.97,0.03,0.98,0.04,0.96,0.04
"SPO2251",0,"orfg14","gene transfer agent","SPO_RS11420",0,"yes",-0.84,-0.086,-0.034,NA,NA,NA,NA,NA,NA,0.85,0.04,0.47,0.16,0.8,0.06,0.83,0.28
"SPO2340",0,"sodB","superoxide dismutase, Fe","SPO_RS11860",0,"yes",1.7,1.5,2.1,NA,NA,NA,0,0,"yes",0.16,0.11,0.55,0.03,0.46,0.08,0.73,0.05
"SPO2347",0,"SPO2347","hypothetical protein","SPO_RS11910",0,"yes",-0.16,-0.12,-0.064,NA,NA,NA,NA,NA,NA,1.15,0.02,1.03,0.05,1.06,0.04,1.1,0.05
"SPO2412",0,"SPO2412","aldolase, putative","SPO_RS12255",0,"yes",-0.84,-0.15,-0.95,NA,NA,NA,0,0,"yes",1.19,0.13,0.66,0.33,1.07,0.14,0.61,0.31
"SPO2511",0,"SPO2511","dnaK suppressor protein, putative","SPO_RS12750",0,"yes",2.6,1.6,-3.3,NA,NA,NA,0,0,"yes",0.09,0.09,0.61,0.07,0.3,0.2,0,0
"SPO2608",0,"SPO2608","aldehyde dehydrogenase, putative","SPO_RS13230",0,"yes",-0.23,-0.029,-0.044,NA,NA,NA,NA,NA,NA,0.99,0.03,0.84,0.05,0.97,0.03,0.96,0.02
"SPO2626",0,"SPO2626","TRAP transporter, DctM subunit","SPO_RS13320",0,"yes",-0.13,-0.091,-0.12,NA,NA,NA,0,0,"yes",1.13,0.03,1.03,0.05,1.06,0.03,1.04,0.03
"SPO2627",0,"SPO2627","TRAP transporter, DctQ subunit","SPO_RS13325",0,"yes",-0.17,-0.11,-0.65,NA,NA,NA,0,0,"yes",1.06,0.05,0.94,0.06,0.98,0.05,0.67,0.23
"SPO2630",0,"SPO2630","C4-dicarboxylate transport sensor protein","SPO_RS13340",0,"yes",-0.25,-0.15,-0.15,NA,NA,NA,NA,NA,NA,1.19,0.03,1,0.02,1.07,0.05,1.07,0.02
"SPO2634",0,"SPO2634","sulfite reductase, putative","SPO_RS13360",0,"yes",4.8,0,5.9,NA,NA,NA,NA,NA,NA,0,0,0.27,0.16,0,0,0.59,0.09
"SPO2653",0,"pyrC","Dihydroorotase (EC 3.5.2.3)","SPO_RS13460",0,"yes",-4.1,-0.5,1,NA,NA,NA,NA,NA,NA,0.16,0.1,0,0,0.11,0.11,0.34,0.22
"SPO2654",0,"pyrE","orotate phosphoribosyltransferase","SPO_RS13465",0,"yes",4.9,4.1,6.2,NA,NA,NA,NA,NA,NA,0,0,0.28,0.16,0.16,0.1,0.74,0.04
"SPO2662",0,"SPO2662","aspartate racemase, putative","SPO_RS13505",0,"yes",0.26,0.14,-0.054,NA,NA,NA,NA,NA,NA,0.8,0.04,0.96,0.03,0.88,0.05,0.77,0.14
"SPO2677",0,"purF","amidophosphoribosyltransferase","SPO_RS13580",0,"yes",1.2,0.35,1,NA,NA,NA,NA,NA,NA,0.28,0.09,0.64,0.04,0.36,0.04,0.57,0.1
"SPO2708",0,"SPO2708","carnitine dehydratase","SPO_RS13735",0,"yes",-0.16,-0.098,-0.14,NA,NA,NA,NA,NA,NA,1.06,0.05,0.95,0.05,0.99,0.06,0.96,0.08
"SPO2815",0,"SPO2815","peptide/nickel/opine uptake family ABC transporter, permease protein","SPO_RS14300",0,"yes",-0.12,-0.04,-0.096,NA,NA,NA,NA,NA,NA,1.08,0.01,0.99,0.02,1.05,0.02,1.01,0.04
"SPO2816",0,"SPO2816","peptide/nickel/opine uptake family ABC transporter, permease protein","SPO_RS14305",0,"yes",-0.14,-0.081,-0.067,NA,NA,NA,NA,NA,NA,1.09,0.05,0.99,0.02,1.03,0.02,1.04,0.03
"SPO2819",0,"pntB","NAD(P)+ transhydrogenase, beta subunit","SPO_RS14320",0,"yes",0.39,0.36,0.45,0,0,"yes",NA,NA,NA,0.76,0.02,1,0.01,0.98,0.03,1.04,0.02
"SPO2821",0,"SPO2821","isoprenylcysteine carboxyl methyltransferase family protein","SPO_RS14330",0,"yes",0.16,0.1,0.13,NA,NA,NA,NA,NA,NA,0.94,0.01,1.05,0.05,1.01,0.01,1.03,0.03
"SPO2894",0,"SPO2894","pH adaption potassium efflux system protein","SPO_RS14685",0,"yes",-3,2.1,1.5,NA,NA,NA,NA,NA,NA,0.07,0.05,0,0,0.33,0.03,0.22,0.13
"SPO2915",0,"SPO2915","acyl-CoA dehydrogenase family protein","SPO_RS14785",0,"yes",0.21,0.22,0.16,NA,NA,NA,0,0,"yes",0.82,0.03,0.95,0.01,0.96,0.01,0.92,0.01
"SPO2949",0,"SPO2949","endoribonuclease L-PSP family protein","SPO_RS14955",0,"yes",-0.38,-0.025,-0.064,NA,NA,NA,NA,NA,NA,1.15,0.05,0.88,0.04,1.13,0.03,1.1,0.06
"SPO2952",0,"SPO2952","trkA domain protein","SPO_RS14970",0,"yes",0.87,0.48,0.93,0,0,"yes",0,0,"yes",0.5,0.05,0.92,0.03,0.7,0.04,0.96,0.04
"SPO2986",0,"SPO2986","tellurite resistance protein","SPO_RS15135",0,"yes",-0.18,-0.15,-0.11,NA,NA,NA,NA,NA,NA,1.17,0.03,1.03,0.04,1.05,0.04,1.08,0.05
"SPO3052",0,"SPO3052","hypothetical protein","SPO_RS15465",0,"yes",-0.24,-0.14,-0.05,0,0,"yes",NA,NA,NA,1.17,0.03,0.99,0.04,1.06,0.03,1.13,0.04
"SPO3073",0,"ctaE","cytochrome c oxidase, subunit III","SPO_RS15570",0,"yes",0.43,0.33,0.43,0,0,"yes",NA,NA,NA,0.62,0.02,0.84,0.02,0.78,0.01,0.84,0.02
"SPO3075",0,"ctaB","Protoheme IX farnesyltransferase (EC 2.5.1.141) (Heme O synthase)","SPO_RS15580",0,"yes",0.87,0.68,0.86,0,0,"yes",0,0,"yes",0.47,0.04,0.87,0.01,0.76,0.06,0.86,0.04
"SPO3115",0,"ruvB","Holliday junction DNA helicase RuvB","SPO_RS15785",0,"yes",0.8,0.55,0.75,NA,NA,NA,NA,NA,NA,0.46,0.16,0.81,0.05,0.68,0.09,0.78,0.1
"SPO3479",0,"glcE","glycolate oxidase, GlcE subunit","SPO_RS17620",0,"yes",-0.44,-0.09,-0.17,NA,NA,NA,NA,NA,NA,0.98,0.02,0.72,0.05,0.92,0.02,0.87,0.04
"SPO3561",0,"xsc","sulfoacetaldehyde acetyltransferase","SPO_RS18040",0,"yes",0.93,0.26,0.79,NA,NA,NA,0,0,"yes",0.39,0.05,0.75,0.04,0.47,0.07,0.68,0.02
"SPO3604",0,"SPO3604","D-amino acid aminotransferase, putative","SPO_RS18260",0,"yes",0.19,0.11,0.25,NA,NA,NA,NA,NA,NA,0.85,0.03,0.97,0.01,0.92,0.02,1.01,0.03
"SPO3633",0,"SPO3633","molybdopterin converting factor, subunit 2","SPO_RS18405",0,"yes",0.41,0.21,0.3,NA,NA,NA,0,0,"yes",0.69,0.02,0.92,0.05,0.8,0.04,0.85,0.05
"SPO3661",0,"SPO3661","allophanate hydrolase family protein","SPO_RS18555",0,"yes",-0.24,-0.24,-0.29,0,0,"yes",0,0,"yes",0.92,0.01,0.78,0.03,0.78,0.03,0.75,0.03
"SPO3684",0,"SPO3684","transcriptional regulator, LacI family","SPO_RS18690",0,"yes",0.11,0.016,0.15,NA,NA,NA,0,0,"yes",0.88,0.01,0.95,0.01,0.89,0.01,0.98,0.01
"SPO3768",0,"gltB","glutamate synthase, large subunit","SPO_RS19125",0,"yes",0.9,0.63,0.75,NA,NA,NA,0,0,"yes",0.21,0.01,0.4,0.02,0.33,0.04,0.36,0.02
"SPO3769",0,"SPO3769","hypothetical protein","SPO_RS19130",0,"yes",1.6,0.96,1,NA,NA,NA,NA,NA,NA,0.18,0.03,0.56,0.02,0.36,0.06,0.38,0.1
"SPO3867",0,"regB","sensor histidine kinase RegB","SPO_RS19625",0,"yes",0.19,0.21,0.18,0,0,"yes",0,0,"yes",0.76,0.02,0.87,0.02,0.88,0.02,0.86,0.01
"SPO3873",0,"SPO3873","ATP-dependent DNA helicase, UvrD/Rep family","SPO_RS19655",0,"yes",0.19,0.097,0.27,NA,NA,NA,0,0,"yes",0.71,0.03,0.81,0.03,0.76,0.01,0.86,0.03
"SPOA0002",0,"miaB","(dimethylallyl)adenosine tRNA methylthiotransferase","SPO_RS19790",0,"yes",-0.15,-0.14,-0.15,0,0,"yes",0,0,"yes",1.09,0.03,0.98,0.03,0.99,0.01,0.98,0.04
"SPOA0073",0,"arsC-2","arsenate reductase","SPO_RS20140",0,"yes",0.93,0.8,0.78,0,0,"yes",0,0,"yes",0.49,0.12,0.94,0.05,0.86,0.03,0.85,0.06
"SPOA0088",0,"SPOA0088","hypothetical protein","SPO_RS22660",0,"yes",-0.17,-0.15,-0.17,NA,NA,NA,0,0,"yes",1.1,0.01,0.98,0,0.99,0.01,0.98,0
"SPOA0223",0,"nirF","cytochrome cd1 nitrite reductase","SPO_RS20950",0,"yes",-0.17,-0.098,-0.083,NA,NA,NA,NA,NA,NA,1.06,0.03,0.94,0.02,0.99,0.04,1,0.03
"SPOA0237",0,"dctD-2","C4-dicarboxylate transport transcriptional regulatory protein DctD","SPO_RS21020",0,"yes",-0.27,-0.25,-0.22,0,0,"yes",0,0,"yes",1.17,0.02,0.97,0.02,0.98,0.01,1,0.01
"SPOA0238",0,"SPOA0238","TRAP dicarboxylate transporter, DctP subunit","SPO_RS21025",0,"yes",-0.18,-0.2,-0.18,0,0,"yes",0,0,"yes",1.16,0.04,1.02,0.04,1.01,0.02,1.02,0.01
"SPOA0240",0,"SPOA0240","TRAP transporter, DctM subunit","SPO_RS21035",0,"yes",-0.14,-0.14,-0.14,0,0,"yes",0,0,"yes",1.08,0.02,0.98,0.04,0.98,0.01,0.98,0.02
"SPOA0336",0,"SPOA0336","LacI family transcription regulator","SPO_RS21540",0,"yes",-0.47,-0.24,-0.46,NA,NA,NA,0,0,"yes",1.28,0.03,0.92,0.01,1.08,0.03,0.93,0.02
"SPOA0367",0,"SPOA0367","ABC transporter, permease protein","SPO_RS21695",0,"yes",0.12,0.077,-0.032,NA,NA,NA,NA,NA,NA,0.9,0.02,0.98,0.02,0.95,0.03,0.88,0.1
"SPO0256",NA,"SPO0256","copper-binding protein, plastocyanin/azurin family","SPO_RS01305",NA,NA,0.073,0.14,0.073,0,0,"yes",NA,NA,NA,0.96,0.03,1.01,0.02,1.06,0.03,1.01,0.05
"SPO0285",NA,"SPO0285","hypothetical protein","SPO_RS01445",NA,NA,0.18,0.25,0.32,0,0,"yes",0,0,"yes",0.8,0.05,0.91,0.04,0.95,0.03,1,0.03
"SPO0286",NA,"SPO0286","hypothetical protein","SPO_RS01450",NA,NA,0.29,0.35,0.43,0,0,"yes",NA,NA,NA,0.71,0.06,0.87,0.08,0.91,0.02,0.96,0.06
"SPO0422",NA,"leuA","2-isopropylmalate synthase","SPO_RS02135",NA,NA,0.6,0.6,0.57,0,0,"yes",NA,NA,NA,0.38,0.05,0.58,0.02,0.58,0.05,0.57,0.05
"SPO0554",NA,"SPO0554","glycosyl transferase, group 1 family protein","SPO_RS02795",NA,NA,-0.16,-0.15,-0.079,0,0,"yes",NA,NA,NA,1.12,0.04,1,0.02,1.01,0.01,1.06,0.02
"SPO0673",NA,"tpa","taurine--pyruvate aminotransferase","SPO_RS03400",NA,NA,-0.19,-0.2,-0.11,0,0,"yes",NA,NA,NA,0.98,0.03,0.86,0.05,0.85,0.03,0.91,0.01
"SPO0715",NA,"SPO0715","phosphocarrier protein HPr","SPO_RS03610",NA,NA,1.3,1.2,1,0,0,"yes",NA,NA,NA,0.34,0.14,0.83,0.14,0.77,0.06,0.69,0.23
"SPO0891",NA,"SPO0891","alkylphosphonate utilization protein PhnM, putative","SPO_RS04490",NA,NA,-0.068,-0.11,-0.054,0,0,"yes",NA,NA,NA,1.07,0.04,1.02,0.04,0.99,0.01,1.03,0.04
"SPO0934",NA,"SPO0934","hypothetical protein","SPO_RS04695",NA,NA,-0.11,-0.14,-0.12,0,0,"yes",NA,NA,NA,1.08,0.03,1,0.05,0.98,0.02,0.99,0.03
"SPO0955",NA,"SPO0955","amidohydrolase domain protein","SPO_RS04795",NA,NA,-0.041,-0.11,-0.069,0,0,"yes",NA,NA,NA,1.06,0.01,1.03,0.02,0.98,0.02,1.01,0.02
"SPO1007",NA,"SPO1007","hypothetical protein","SPO_RS05070",NA,NA,-0.089,-0.14,-0.089,0,0,"yes",NA,NA,NA,1.16,0.03,1.09,0.02,1.05,0.02,1.09,0.02
"SPO1155",NA,"hisE","Phosphoribosyl-ATP pyrophosphatase (EC 3.6.1.31)","SPO_RS05855",NA,NA,2.6,-2.6,1.5,0,0,"yes",NA,NA,NA,0.05,0.05,0.35,0.22,0,0,0.16,0.16
"SPO1171",NA,"pyc","pyruvate carboxylase","SPO_RS05935",NA,NA,-0.098,-0.13,-0.098,0,0,"yes",NA,NA,NA,1.06,0.02,0.99,0.02,0.97,0.01,0.99,0.01
"SPO1172",NA,"SPO1172","FMN-dependent alpha-hydroxy acid dehydrogenase family protein","SPO_RS05940",NA,NA,-0.1,-0.22,-0.18,0,0,"yes",NA,NA,NA,1.18,0.05,1.1,0.05,1.01,0.03,1.04,0.03
"SPO1189",NA,"SPO1189","hypothetical protein","SPO_RS06025",NA,NA,0.055,0.15,0.23,0,0,"yes",0,0,"yes",1.02,0.02,1.06,0.06,1.13,0.08,1.2,0.05
"SPO1213",NA,"SPO1213","oligopeptide ABC transporter, ATP-binding protein","SPO_RS06155",NA,NA,0.014,-0.12,0,0,0,"yes",NA,NA,NA,0.98,0.02,0.99,0.01,0.9,0.01,0.98,0.05
"SPO1318",NA,"purA","adenylosuccinate synthetase","SPO_RS06720",NA,NA,3.3,3.6,5.2,0,0,"yes",0,0,"yes",0,0,0.09,0.09,0.11,0.11,0.35,0.12
"SPO1496",NA,"SPO1496","ABC transporter, permease protein","SPO_RS07620",NA,NA,0.45,0.38,0.47,0,0,"yes",NA,NA,NA,0.75,0.07,1.03,0.02,0.98,0.03,1.04,0.03
"SPO1586",NA,"mgdC","N-methylglutamate dehydrogenase subunit C","SPO_RS08070",NA,NA,-0.2,-0.18,-0.096,0,0,"yes",NA,NA,NA,1.08,0.03,0.94,0.07,0.95,0.05,1.01,0.06
"SPO1668",NA,"SPO1668","membrane-associated zinc metalloprotease, putative","SPO_RS08475",NA,NA,-0.11,-0.17,-0.17,0,0,"yes",NA,NA,NA,1.05,0.05,0.97,0.05,0.93,0,0.93,0.08
"SPO1734",NA,"hom","homoserine dehydrogenase","SPO_RS08825",NA,NA,0,5,4.6,0,0,"yes",NA,NA,NA,0,0,0,0,0.31,0.19,0.23,0.23
"SPO1744",NA,"SPO1744","sarcosine oxidase, beta subunit family","SPO_RS08875",NA,NA,0.09,0.15,0.16,0,0,"yes",NA,NA,NA,0.92,0.01,0.98,0.05,1.02,0.01,1.03,0.04
"SPO1816",NA,"SPO1816","TRAP dicarboxylate transporter, DctM subunit, putative","SPO_RS09240",NA,NA,-0.17,-0.17,-0.18,0,0,"yes",0,0,"yes",1.09,0.01,0.97,0.03,0.97,0.01,0.96,0.02
"SPO1928",NA,"SPO1928","Tat (twin-arginine translocation) pathway signal sequence domain protein","SPO_RS09790",NA,NA,-0.065,-0.13,-0.091,0,0,"yes",NA,NA,NA,1.13,0.02,1.08,0.02,1.03,0.01,1.06,0.02
"SPO2069",NA,"SPO2069","benzoate-coenzyme A ligase, putative","SPO_RS10495",NA,NA,-0.16,-0.16,-0.079,0,0,"yes",NA,NA,NA,1.12,0.03,1,0.03,1,0.02,1.06,0.04
"SPO2087",NA,"ntrC","nitrogen regulation protein NtrC","SPO_RS10585",NA,NA,2.2,2.9,1.4,0,0,"yes",NA,NA,NA,0.06,0.06,0.31,0.14,0.5,0.06,0.18,0.13
"SPO2161",NA,"SPO2161","hypothetical protein","SPO_RS10955",NA,NA,-0.097,-0.11,-0.054,0,0,"yes",NA,NA,NA,1.07,0.03,1,0.01,0.99,0.02,1.03,0.02
"SPO2203",NA,"mmsA","methylmalonate-semialdehyde dehydrogenase","SPO_RS11170",NA,NA,-0.095,-0.12,-0.095,0,0,"yes",NA,NA,NA,1.09,0.02,1.02,0.02,1,0.01,1.02,0.02
"SPO2326",NA,"SPO2326","hypothetical protein","SPO_RS11790",NA,NA,0.027,-0.18,-0.14,0,0,"yes",NA,NA,NA,1.04,0.07,1.06,0.07,0.92,0.02,0.94,0.1
"SPO2341",NA,"SPO2341","methyltransferase, FkbM family","SPO_RS11865",NA,NA,-0.23,-0.14,-0.041,0,0,"yes",NA,NA,NA,1.06,0.02,0.9,0.05,0.96,0.01,1.03,0.04
"SPO2361",NA,"SPO2361","sensor histidine kinase/response regulator","SPO_RS11980",NA,NA,-0.15,-0.18,0,0,0,"yes",NA,NA,NA,1,0.03,0.9,0.03,0.88,0.02,1,0.03
"SPO2413",NA,"SPO2413","oxidoreductase, short chain dehydrogenase/reductase family","SPO_RS12260",NA,NA,-0.36,0.17,0.059,0,0,"yes",NA,NA,NA,0.95,0.07,0.74,0.26,1.07,0.05,0.99,0.09
"SPO2635",NA,"cysH","phosophoadenylyl-sulfate reductase","SPO_RS13365",NA,NA,6.3,4.2,5.7,0,0,"yes",NA,NA,NA,0,0,0.79,0.09,0.17,0.17,0.52,0.18
"SPO2647",NA,"SPO2647","hypothetical protein","SPO_RS13425",NA,NA,-0.11,-0.15,-0.14,0,0,"yes",NA,NA,NA,1.08,0.05,1,0.05,0.97,0.03,0.98,0.04
"SPO2713",NA,"secA2","Protein translocase subunit SecA 2","SPO_RS13760",NA,NA,-0.11,-0.42,-0.25,0,0,"yes",NA,NA,NA,0.98,0.07,0.91,0.1,0.73,0.04,0.82,0.12
"SPO2753",NA,"SPO2753","diguanylate cyclase, putative/response regulator","SPO_RS13985",NA,NA,0.25,0.35,0.35,0,0,"yes",NA,NA,NA,0.73,0.06,0.87,0.05,0.93,0.02,0.93,0.04
"SPO2812",NA,"argE-1","acetylornithine deacetylase","SPO_RS14285",NA,NA,-0.09,-0.13,-0.16,0,0,"yes",0,0,"yes",1.15,0.04,1.08,0.06,1.05,0.03,1.03,0.03
"SPO2858",NA,"SPO2858","hypothetical protein","SPO_RS14510",NA,NA,0.23,0.27,0.27,0,0,"yes",0,0,"yes",0.81,0.07,0.95,0.04,0.98,0.02,0.98,0.03
"SPO2897",NA,"phaF","pH adaptation potassium efflux system protein PhaF","SPO_RS14700",NA,NA,2.8,3.7,4.6,0,0,"yes",0,0,"yes",0,0,0.06,0.06,0.12,0.12,0.23,0.23
"SPO3050",NA,"SPO3050","hypothetical protein","",NA,NA,0.5,0.49,0.47,0,0,"yes",0,0,"yes",0.64,0.1,0.91,0.1,0.9,0.06,0.89,0.05
"SPO3076",NA,"ctaC","cytochrome c oxidase, subunit II","SPO_RS15585",NA,NA,0.43,0.47,0.49,0,0,"yes",0,0,"yes",0.59,0.03,0.8,0.02,0.82,0.04,0.83,0.02
"SPO3091",NA,"SPO3091","type II secretion system protein F (GspF)","SPO_RS15665",NA,NA,-0.07,-0.11,-0.13,0,0,"yes",0,0,"yes",1.05,0.04,1,0.01,0.97,0.02,0.96,0.03
"SPO3256",NA,"rpmE","ribosomal protein L31","SPO_RS16490",NA,NA,3.9,3.9,4.7,0,0,"yes",NA,NA,NA,0,0,0.14,0.12,0.14,0.08,0.25,0.09
"SPO3296",NA,"SPO3296","AMP-binding enzyme","SPO_RS16690",NA,NA,0.11,0.11,0.13,0,0,"yes",NA,NA,NA,0.87,0.01,0.94,0.02,0.94,0.01,0.95,0.03
"SPO3329",NA,"SPO3329","globin domain protein","SPO_RS16865",NA,NA,0.072,0.11,-0.03,0,0,"yes",NA,NA,NA,0.97,0.03,1.02,0.07,1.05,0.04,0.95,0.01
"SPO3385",NA,"SPO3385","glycosyl transferase, family 25","SPO_RS17145",NA,NA,-0.04,-0.11,-0.026,0,0,"yes",NA,NA,NA,1.09,0.01,1.06,0.01,1.01,0.03,1.07,0.01
"SPO3498",NA,"tuf-2","translation elongation factor Tu","SPO_RS17715",NA,NA,-0.015,-0.12,0.044,0,0,"yes",NA,NA,NA,0.97,0.01,0.96,0.02,0.89,0.01,1,0.01
"SPO3805",NA,"dmdD","Methylthioacryloyl-CoA hydratase","SPO_RS19305",NA,NA,-0.053,-0.11,-0.026,0,0,"yes",NA,NA,NA,1.1,0.02,1.06,0.03,1.02,0.02,1.08,0.01
"SPO3810",NA,"gpmI","2,3-bisphosphoglycerate-independent phosphoglycerate mutase","SPO_RS19335",NA,NA,2.8,2.6,2.8,0,0,"yes",NA,NA,NA,0.04,0.04,0.35,0.03,0.3,0.03,0.33,0.11
"SPOA0007",NA,"SPOA0007","hypothetical protein","SPO_RS19815",NA,NA,1.1,1.1,0.72,0,0,"yes",NA,NA,NA,0.45,0.22,1.01,0.15,0.95,0.12,0.75,0.3
"SPOA0449",NA,"SPOA0449","phytanoyl-CoA dioxygenase","SPO_RS19780",NA,NA,-0.051,0.14,-0.051,0,0,"yes",NA,NA,NA,0.85,0.03,0.82,0.06,0.94,0.01,0.82,0.02
"SPO_Sp16SA",NA,"16S rRNA","","",NA,NA,0.1,0.11,0.11,NA,NA,NA,0,0,"yes",0.97,0,1.04,0,1.05,0.01,1.05,0
"SPO_Sp16SB",NA,"16S rRNA","","",NA,NA,0.11,0.13,0.13,NA,NA,NA,0,0,"yes",0.96,0.01,1.04,0,1.05,0.01,1.05,0
"SPO_Sp16SC",NA,"16S rRNA","","",NA,NA,0.11,0.13,0.14,NA,NA,NA,0,0,"yes",0.96,0.01,1.04,0,1.05,0.01,1.06,0
"SPO0210",NA,"leuB","3-isopropylmalate dehydrogenase","SPO_RS01070",NA,NA,1.7,0.26,2.4,NA,NA,NA,0,0,"yes",0.04,0.04,0.15,0.09,0.05,0.03,0.26,0.05
"SPO0282",NA,"SPO0282","hypothetical protein","SPO_RS01430",NA,NA,-0.22,-0.13,-0.19,NA,NA,NA,0,0,"yes",1.07,0.06,0.92,0.05,0.98,0.06,0.94,0.04
"SPO0284",NA,"SPO0284","dihydroorotase, multifunctional complex type","SPO_RS01440",NA,NA,1.5,1.2,2.2,NA,NA,NA,0,0,"yes",0.14,0.08,0.41,0.12,0.34,0.09,0.66,0.09
"SPO0397",NA,"glnD","protein-P-II uridylyltransferase","SPO_RS02010",NA,NA,-2.1,-0.58,-6.5,NA,NA,NA,0,0,"yes",0.89,0.04,0.2,0.2,0.59,0.06,0,0
"SPO0464",NA,"SPO0464","hypothetical protein","SPO_RS02340",NA,NA,0.1,0.11,0.13,NA,NA,NA,0,0,"yes",0.97,0.03,1.04,0.06,1.05,0.04,1.06,0.04
"SPO0503",NA,"rpmD","ribosomal protein L30","SPO_RS02540",NA,NA,0.36,0.25,0.34,NA,NA,NA,0,0,"yes",0.62,0.02,0.8,0.04,0.74,0.03,0.79,0.04
"SPO0521",NA,"SPO0521","glutamate/glutamine/aspartate/asparagine ABC transporter, permease protein","SPO_RS02630",NA,NA,0.19,0.12,0.22,NA,NA,NA,0,0,"yes",0.91,0.03,1.04,0.02,0.99,0.01,1.06,0.02
"SPO0529",NA,"SPO0529","hypothetical protein","SPO_RS02670",NA,NA,-0.037,-0.24,-0.15,NA,NA,NA,0,0,"yes",1.17,0.08,1.14,0.03,0.99,0.05,1.05,0.06
"SPO0800",NA,"SPO0800","choline sulfatase","SPO_RS04035",NA,NA,0.14,0.22,0.27,NA,NA,NA,0,0,"yes",0.78,0.05,0.86,0.05,0.91,0.02,0.94,0.01
"SPO0875",NA,"gap-2","glyceraldehyde-3-phosphate dehydrogenase, type I","SPO_RS04410",NA,NA,0.25,0.087,0.39,NA,NA,NA,0,0,"yes",0.63,0.04,0.75,0.03,0.67,0.03,0.83,0.02
"SPO0935",NA,"SPO0935","nitroreductase family protein","SPO_RS04700",NA,NA,-0.11,-0.08,-0.17,NA,NA,NA,0,0,"yes",1.1,0.04,1.02,0.03,1.04,0.02,0.98,0.03
"SPO0976",NA,"SPO0976","hypothetical protein","SPO_RS04905",NA,NA,-0.29,-0.19,-0.32,NA,NA,NA,0,0,"yes",1.15,0.07,0.94,0.11,1.01,0.04,0.92,0.05
"SPO1347",NA,"SPO1347","hypothetical protein","SPO_RS06865",NA,NA,0.014,-0.043,0.11,NA,NA,NA,0,0,"yes",1.01,0.04,1.02,0.04,0.98,0.03,1.09,0.02
"SPO1677",NA,"trmU","tRNA (5-methylaminomethyl-2-thiouridylate)-methyltransferase","SPO_RS08515",NA,NA,-0.51,0.32,-5.5,NA,NA,NA,0,0,"yes",0.43,0.25,0.3,0.19,0.54,0.18,0,0
"SPO1727",NA,"SPO1727","polyphosphate kinase 2, putative","SPO_RS08790",NA,NA,-0.066,-0.12,-2.2,NA,NA,NA,0,0,"yes",1.11,0.05,1.06,0.08,1.02,0.03,0.24,0.24
"SPO1757",NA,"kpsS","capsular polysaccharide export protein KpsS","SPO_RS08940",NA,NA,-0.082,-0.14,-0.18,NA,NA,NA,0,0,"yes",1.08,0.04,1.02,0.03,0.98,0.04,0.95,0.02
"SPO1769",NA,"SPO1769","hypothetical protein","SPO_RS09000",NA,NA,0.2,-0.062,0.22,NA,NA,NA,0,0,"yes",0.94,0.09,1.08,0.1,0.9,0.02,1.1,0.01
"SPO1870",NA,"purL","phosphoribosylformylglycinamidine synthase II","SPO_RS09505",NA,NA,2.8,2.2,3.1,NA,NA,NA,0,0,"yes",0.05,0.04,0.41,0.07,0.26,0.09,0.5,0.05
"SPO1875",NA,"murI","glutamate racemase","SPO_RS09530",NA,NA,0.28,0.22,0.35,NA,NA,NA,0,0,"yes",0.82,0.05,1,0.04,0.96,0.02,1.05,0.04
"SPO1884",NA,"SPO1884","S-methyltransferase component of split metH","SPO_RS09575",NA,NA,0,2.3,3.9,NA,NA,NA,0,0,"yes",0,0,0,0,0.04,0.02,0.14,0.11
"SPO1893",NA,"SPO1893","ribonuclease, Rne/Rng family","SPO_RS09620",NA,NA,-0.1,-0.13,-0.12,NA,NA,NA,0,0,"yes",1.13,0.05,1.05,0.05,1.03,0.07,1.04,0.06
"SPO2049",NA,"SPO2049","radical SAM domain protein","SPO_RS10395",NA,NA,-0.15,-0.087,-0.15,NA,NA,NA,0,0,"yes",1.02,0.01,0.92,0.04,0.96,0.01,0.92,0.01
"SPO2136",NA,"nrdJ","ribonucleoside-diphosphate reductase, adenosylcobalamin-dependent","SPO_RS10830",NA,NA,0.13,0.1,0.13,NA,NA,NA,0,0,"yes",0.95,0.02,1.04,0.02,1.02,0.01,1.04,0.01
"SPO2242",NA,"pdhC","pyruvate dehydrogenase complex, E2 component, dihydrolipoamide acetyltransferase","SPO_RS11365",NA,NA,1.5,1.3,1.8,NA,NA,NA,0,0,"yes",0.18,0.08,0.51,0.1,0.45,0.09,0.63,0.07
"SPO2272",NA,"hisA2","1-(5-phosphoribosyl)-5-[(5-phosphoribosylamino)methylideneamino] imidazole-4-carboxamide isomerase 2 (EC 5.3.1.16)","SPO_RS11520",NA,NA,0.057,0.043,-0.12,NA,NA,NA,0,0,"yes",0.98,0.03,1.02,0.02,1.01,0.05,0.9,0.01
"SPO2287",NA,"SPO2287","autoinducer synthesis protein","SPO_RS11595",NA,NA,0.083,0.097,0.12,NA,NA,NA,0,0,"yes",1,0.02,1.06,0.02,1.07,0.01,1.09,0.01
"SPO2337",NA,"SPO2337","decarboxylase family protein","SPO_RS11845",NA,NA,-0.25,-0.18,-0.17,NA,NA,NA,0,0,"yes",1.19,0.05,1,0.1,1.05,0.05,1.06,0.02
"SPO2474",NA,"eno","enolase","SPO_RS12565",NA,NA,1.2,1.2,1.3,NA,NA,NA,0,0,"yes",0.2,0.1,0.48,0.07,0.48,0.07,0.49,0.03
"SPO2483",NA,"anmK","Anhydro-N-acetylmuramic acid kinase (EC 2.7.1.170)","SPO_RS12610",NA,NA,0.093,-0.061,-0.21,NA,NA,NA,0,0,"yes",1.19,0.07,1.27,0.08,1.14,0.13,1.03,0.07
"SPO2633",NA,"SPO2633","hypothetical protein","SPO_RS13355",NA,NA,4.5,0,6.2,NA,NA,NA,0,0,"yes",0,0,0.22,0.22,0,0,0.72,0.24
"SPO2820",NA,"pntA","NAD(P) transhydrogenase, alpha subunit","SPO_RS14325",NA,NA,0.27,0.27,0.36,NA,NA,NA,0,0,"yes",0.83,0.07,1,0.05,1,0.01,1.07,0.03
"SPO2906",NA,"SPO2906","hypothetical protein","SPO_RS14745",NA,NA,0.46,0.37,0.61,NA,NA,NA,0,0,"yes",0.6,0.05,0.83,0.04,0.78,0.06,0.92,0.03
"SPO2923",NA,"SPO2923","hypothetical protein","SPO_RS14825",NA,NA,-0.013,-0.2,-0.11,NA,NA,NA,0,0,"yes",1.08,0.05,1.07,0.05,0.94,0.09,1,0.03
"SPO2958",NA,"SPO2958","inositol monophosphatase family protein","SPO_RS15000",NA,NA,0.4,0.45,0.89,NA,NA,NA,0,0,"yes",0.4,0.08,0.53,0.1,0.55,0.08,0.75,0.03
"SPO2988",NA,"SPO2988","hypothetical protein","SPO_RS15145",NA,NA,-0.079,-0.093,-0.18,NA,NA,NA,0,0,"yes",1.11,0.03,1.05,0.03,1.04,0.03,0.98,0.03
"SPO3100",NA,"SPO3100","hypothetical protein","SPO_RS15710",NA,NA,0,-0.014,0.11,NA,NA,NA,0,0,"yes",1,0.01,1,0.02,0.99,0.01,1.08,0.02
"SPO3169",NA,"clpA","ATP-dependent Clp protease, ATP-binding subunit ClpA","SPO_RS16055",NA,NA,0.17,0.059,0.42,NA,NA,NA,0,0,"yes",0.47,0.02,0.53,0.05,0.49,0.04,0.63,0.03
"SPO3217",NA,"def-1","peptide deformylase","SPO_RS16295",NA,NA,0.19,0.14,0.3,NA,NA,NA,0,0,"yes",0.78,0.04,0.89,0.04,0.86,0.02,0.96,0.03
"SPO3224",NA,"cobC","cobalamin biosynthetic protein CobC","SPO_RS16330",NA,NA,5.9,5.8,6.2,NA,NA,NA,0,0,"yes",0,0,0.6,0.32,0.53,0.31,0.71,0.14
"SPO3230",NA,"SPO3230","aminotransferase, classes I and II","SPO_RS16360",NA,NA,-0.08,-0.094,-0.11,NA,NA,NA,0,0,"yes",1.1,0.01,1.04,0.01,1.03,0.02,1.02,0.02
"SPO3360",NA,"kbl","2-amino-3-ketobutyrate coenzyme A ligase","SPO_RS17020",NA,NA,-0.11,-0.082,-0.12,NA,NA,NA,0,0,"yes",1.08,0.02,1,0.03,1.02,0.02,0.99,0.01
"SPO3420",NA,"SPO3420","hypothetical protein","SPO_RS17315",NA,NA,0.044,-0.03,0.15,NA,NA,NA,0,0,"yes",0.97,0.03,1,0.03,0.95,0.02,1.08,0.02
"SPO3609",NA,"linC-2","2,5-dichloro-2,5-cyclohexadiene-1,4-diol dehydrogenase","SPO_RS18290",NA,NA,-0.028,-0.028,0.18,NA,NA,NA,0,0,"yes",1.02,0.04,1,0.14,1,0.04,1.16,0.05
"SPO3634",NA,"moaD","molybdopterin converting factor, subunit 1","SPO_RS18410",NA,NA,0.25,0.2,0.3,NA,NA,NA,0,0,"yes",0.67,0.04,0.8,0.11,0.77,0.07,0.83,0.02
"SPO3806",NA,"smpB","SsrA-binding protein","SPO_RS19310",NA,NA,0.29,0.21,0.37,NA,NA,NA,0,0,"yes",0.7,0.03,0.86,0.05,0.81,0.03,0.91,0.03
"SPO3901",NA,"SPO3901","carbon monoxide dehydrogenase G protein, putative","SPO_RS18460",NA,NA,-0.13,-0.068,-0.31,NA,NA,NA,0,0,"yes",1.07,0.02,0.98,0.06,1.02,0.03,0.86,0.06
"SPOA0111",NA,"SPOA0111","indolepyruvate oxidoreductase, IorA subunit","SPO_RS20385",NA,NA,-0.12,-0.095,-0.12,NA,NA,NA,0,0,"yes",1.09,0.02,1,0.01,1.02,0.02,1,0.02
"SPOA0112",NA,"feaB","phenylacetaldehyde dehydrogenase","SPO_RS20390",NA,NA,0.12,0.046,0.12,NA,NA,NA,0,0,"yes",0.92,0.02,1,0.02,0.95,0.02,1,0.01
"SPOA0212",NA,"SPOA0212","nitric oxide reductase F protein","SPO_RS20895",NA,NA,-0.74,0.2,0.31,NA,NA,NA,0,0,"yes",0.86,0.02,0.51,0.27,0.99,0.11,1.07,0.06
"SPOA0249",NA,"SPOA0249","TRAP dicarboxylate transporter, DctP subunit","SPO_RS21080",NA,NA,0.096,0.16,0.13,NA,NA,NA,0,0,"yes",0.86,0.02,0.92,0.02,0.96,0.03,0.94,0.03
"SPOA0252",NA,"SPOA0252","LacI family transcription regulator","SPO_RS21095",NA,NA,-0.052,0.098,-0.18,NA,NA,NA,0,0,"yes",0.84,0.01,0.81,0.04,0.9,0.04,0.74,0.02
"SPOA0321",NA,"SPOA0321","glyoxalase family protein","SPO_RS21445",NA,NA,-0.096,-0.11,-0.18,NA,NA,NA,0,0,"yes",1.08,0.04,1.01,0.03,1,0.05,0.95,0.02
"SPOA0326",NA,"SPOA0326","LysR family transcriptional regulator","SPO_RS21470",NA,NA,-0.041,-0.15,-0.11,NA,NA,NA,0,0,"yes",1.07,0.04,1.04,0.04,0.96,0.04,0.99,0.02
"SPOA0385",NA,"SPOA0385","hypothetical protein","SPO_RS21785",NA,NA,-0.31,-0.1,0.13,NA,NA,NA,0,0,"yes",1.01,0.06,0.81,0.15,0.94,0.06,1.11,0.03
"SPOA0422",NA,"SPOA0422","hypothetical protein","SPO_RS21965",NA,NA,0.33,0.23,0.42,NA,NA,NA,0,0,"yes",0.73,0.05,0.92,0.11,0.86,0.03,0.98,0.05
